<?xml version="1.0" encoding="UTF-8"?>
<point_cloud version="1.2.0">
  <tracks path="tracks.ply" count="116138"/>
  <points path="points.ply" count="107098"/>
  <projections camera_id="0" path="p0.ply" count="3511"/>
  <projections camera_id="1" path="p1.ply" count="3749"/>
  <projections camera_id="2" path="p2.ply" count="3735"/>
  <projections camera_id="3" path="p3.ply" count="3520"/>
  <projections camera_id="4" path="p4.ply" count="3364"/>
  <projections camera_id="5" path="p5.ply" count="3290"/>
  <projections camera_id="6" path="p6.ply" count="3356"/>
  <projections camera_id="7" path="p7.ply" count="3753"/>
  <projections camera_id="8" path="p8.ply" count="4016"/>
  <projections camera_id="9" path="p9.ply" count="4154"/>
  <projections camera_id="10" path="p10.ply" count="4199"/>
  <projections camera_id="11" path="p11.ply" count="4158"/>
  <projections camera_id="12" path="p12.ply" count="4342"/>
  <projections camera_id="13" path="p13.ply" count="4328"/>
  <projections camera_id="14" path="p14.ply" count="3989"/>
  <projections camera_id="15" path="p15.ply" count="3221"/>
  <projections camera_id="16" path="p16.ply" count="2955"/>
  <projections camera_id="17" path="p17.ply" count="2797"/>
  <projections camera_id="18" path="p18.ply" count="1763"/>
  <projections camera_id="19" path="p19.ply" count="1892"/>
  <projections camera_id="20" path="p20.ply" count="2406"/>
  <projections camera_id="21" path="p21.ply" count="4135"/>
  <projections camera_id="22" path="p22.ply" count="4171"/>
  <projections camera_id="23" path="p23.ply" count="4135"/>
  <projections camera_id="24" path="p24.ply" count="4075"/>
  <projections camera_id="25" path="p25.ply" count="4432"/>
  <projections camera_id="26" path="p26.ply" count="4081"/>
  <projections camera_id="27" path="p27.ply" count="4111"/>
  <projections camera_id="28" path="p28.ply" count="4104"/>
  <projections camera_id="29" path="p29.ply" count="4103"/>
  <projections camera_id="30" path="p30.ply" count="4061"/>
  <projections camera_id="31" path="p31.ply" count="3996"/>
  <projections camera_id="32" path="p32.ply" count="4024"/>
  <projections camera_id="33" path="p33.ply" count="3996"/>
  <projections camera_id="34" path="p34.ply" count="5072"/>
  <projections camera_id="35" path="p35.ply" count="4015"/>
  <projections camera_id="36" path="p36.ply" count="4010"/>
  <projections camera_id="37" path="p37.ply" count="282"/>
  <projections camera_id="38" path="p38.ply" count="4110"/>
  <projections camera_id="39" path="p39.ply" count="4423"/>
  <projections camera_id="40" path="p40.ply" count="4399"/>
  <projections camera_id="41" path="p41.ply" count="4317"/>
  <projections camera_id="42" path="p42.ply" count="4310"/>
  <projections camera_id="43" path="p43.ply" count="4178"/>
  <projections camera_id="44" path="p44.ply" count="4110"/>
  <projections camera_id="45" path="p45.ply" count="4393"/>
  <projections camera_id="46" path="p46.ply" count="4229"/>
  <projections camera_id="47" path="p47.ply" count="4302"/>
  <projections camera_id="48" path="p48.ply" count="4197"/>
  <projections camera_id="49" path="p49.ply" count="4495"/>
  <projections camera_id="50" path="p50.ply" count="4570"/>
  <projections camera_id="51" path="p51.ply" count="4260"/>
  <projections camera_id="52" path="p52.ply" count="4254"/>
  <projections camera_id="53" path="p53.ply" count="4058"/>
  <projections camera_id="54" path="p54.ply" count="3996"/>
  <projections camera_id="55" path="p55.ply" count="4057"/>
  <projections camera_id="56" path="p56.ply" count="4027"/>
  <projections camera_id="57" path="p57.ply" count="4049"/>
  <projections camera_id="58" path="p58.ply" count="4751"/>
  <projections camera_id="59" path="p59.ply" count="3990"/>
  <projections camera_id="60" path="p60.ply" count="4099"/>
  <projections camera_id="61" path="p61.ply" count="4015"/>
  <projections camera_id="62" path="p62.ply" count="3991"/>
  <projections camera_id="63" path="p63.ply" count="4452"/>
  <projections camera_id="64" path="p64.ply" count="4394"/>
  <projections camera_id="65" path="p65.ply" count="4605"/>
  <projections camera_id="66" path="p66.ply" count="4027"/>
  <projections camera_id="67" path="p67.ply" count="4048"/>
  <projections camera_id="68" path="p68.ply" count="4871"/>
  <projections camera_id="69" path="p69.ply" count="2444"/>
  <projections camera_id="70" path="p70.ply" count="2872"/>
  <projections camera_id="71" path="p71.ply" count="3418"/>
  <projections camera_id="72" path="p72.ply" count="2190"/>
  <projections camera_id="73" path="p73.ply" count="546"/>
  <projections camera_id="74" path="p74.ply" count="3171"/>
  <projections camera_id="75" path="p75.ply" count="3146"/>
  <projections camera_id="76" path="p76.ply" count="1492"/>
  <projections camera_id="77" path="p77.ply" count="3466"/>
  <projections camera_id="78" path="p78.ply" count="4256"/>
  <projections camera_id="79" path="p79.ply" count="1144"/>
  <projections camera_id="80" path="p80.ply" count="595"/>
  <projections camera_id="81" path="p81.ply" count="2101"/>
  <projections camera_id="82" path="p82.ply" count="2907"/>
  <projections camera_id="83" path="p83.ply" count="3284"/>
  <projections camera_id="84" path="p84.ply" count="2866"/>
  <projections camera_id="85" path="p85.ply" count="2216"/>
  <projections camera_id="86" path="p86.ply" count="3414"/>
  <projections camera_id="87" path="p87.ply" count="2933"/>
  <projections camera_id="88" path="p88.ply" count="30"/>
  <projections camera_id="89" path="p89.ply" count="1483"/>
  <projections camera_id="90" path="p90.ply" count="3641"/>
  <projections camera_id="91" path="p91.ply" count="3532"/>
  <projections camera_id="92" path="p92.ply" count="2954"/>
  <projections camera_id="93" path="p93.ply" count="4065"/>
  <projections camera_id="94" path="p94.ply" count="4450"/>
  <projections camera_id="95" path="p95.ply" count="3972"/>
  <projections camera_id="96" path="p96.ply" count="1667"/>
  <projections camera_id="97" path="p97.ply" count="4010"/>
  <projections camera_id="98" path="p98.ply" count="4219"/>
  <projections camera_id="99" path="p99.ply" count="4011"/>
  <projections camera_id="100" path="p100.ply" count="2448"/>
  <projections camera_id="101" path="p101.ply" count="1618"/>
  <projections camera_id="104" path="p104.ply" count="4018"/>
  <projections camera_id="105" path="p105.ply" count="4564"/>
  <projections camera_id="106" path="p106.ply" count="4051"/>
  <projections camera_id="107" path="p107.ply" count="2684"/>
  <projections camera_id="108" path="p108.ply" count="1136"/>
  <projections camera_id="109" path="p109.ply" count="456"/>
  <projections camera_id="111" path="p111.ply" count="696"/>
  <projections camera_id="112" path="p112.ply" count="4149"/>
  <projections camera_id="113" path="p113.ply" count="4180"/>
  <projections camera_id="114" path="p114.ply" count="4422"/>
  <projections camera_id="115" path="p115.ply" count="5611"/>
  <projections camera_id="116" path="p116.ply" count="2603"/>
  <projections camera_id="117" path="p117.ply" count="4011"/>
  <projections camera_id="118" path="p118.ply" count="4038"/>
  <projections camera_id="119" path="p119.ply" count="1130"/>
  <projections camera_id="120" path="p120.ply" count="611"/>
  <projections camera_id="121" path="p121.ply" count="857"/>
  <projections camera_id="122" path="p122.ply" count="1086"/>
  <projections camera_id="123" path="p123.ply" count="2441"/>
  <projections camera_id="128" path="p128.ply" count="990"/>
  <projections camera_id="129" path="p129.ply" count="2067"/>
  <projections camera_id="130" path="p130.ply" count="3969"/>
  <projections camera_id="131" path="p131.ply" count="2262"/>
  <projections camera_id="132" path="p132.ply" count="2554"/>
  <projections camera_id="133" path="p133.ply" count="1704"/>
  <projections camera_id="134" path="p134.ply" count="2848"/>
  <projections camera_id="135" path="p135.ply" count="1731"/>
  <meta>
    <property name="match/duration" value="716.528946"/>
    <property name="match/match_downscale" value="2"/>
    <property name="match/match_filter_mask" value="true"/>
    <property name="match/match_point_limit" value="40000"/>
    <property name="match/match_select_pairs" value="1"/>
    <property name="match/match_tiepoint_limit" value="4000"/>
  </meta>
</point_cloud>
