<?xml version="1.0" encoding="UTF-8"?>
<masks version="1.2.0">
  <mask camera_id="0" path="c0.png"/>
  <mask camera_id="1" path="c1.png"/>
  <mask camera_id="2" path="c2.png"/>
  <mask camera_id="3" path="c3.png"/>
  <mask camera_id="4" path="c4.png"/>
  <mask camera_id="5" path="c5.png"/>
  <mask camera_id="6" path="c6.png"/>
  <mask camera_id="7" path="c7.png"/>
  <mask camera_id="8" path="c8.png"/>
  <mask camera_id="9" path="c9.png"/>
  <mask camera_id="10" path="c10.png"/>
  <mask camera_id="11" path="c11.png"/>
  <mask camera_id="12" path="c12.png"/>
  <mask camera_id="13" path="c13.png"/>
  <mask camera_id="14" path="c14.png"/>
  <mask camera_id="15" path="c15.png"/>
  <mask camera_id="16" path="c16.png"/>
  <mask camera_id="17" path="c17.png"/>
  <mask camera_id="18" path="c18.png"/>
  <mask camera_id="19" path="c19.png"/>
  <mask camera_id="20" path="c20.png"/>
  <mask camera_id="21" path="c21.png"/>
  <mask camera_id="22" path="c22.png"/>
  <mask camera_id="23" path="c23.png"/>
  <mask camera_id="24" path="c24.png"/>
  <mask camera_id="25" path="c25.png"/>
  <mask camera_id="26" path="c26.png"/>
  <mask camera_id="27" path="c27.png"/>
  <mask camera_id="28" path="c28.png"/>
  <mask camera_id="29" path="c29.png"/>
  <mask camera_id="30" path="c30.png"/>
  <mask camera_id="31" path="c31.png"/>
  <mask camera_id="32" path="c32.png"/>
  <mask camera_id="33" path="c33.png"/>
  <mask camera_id="34" path="c34.png"/>
  <mask camera_id="35" path="c35.png"/>
  <mask camera_id="36" path="c36.png"/>
  <mask camera_id="37" path="c37.png"/>
  <mask camera_id="38" path="c38.png"/>
  <mask camera_id="39" path="c39.png"/>
  <mask camera_id="40" path="c40.png"/>
  <mask camera_id="41" path="c41.png"/>
  <mask camera_id="42" path="c42.png"/>
  <mask camera_id="43" path="c43.png"/>
  <mask camera_id="44" path="c44.png"/>
  <mask camera_id="45" path="c45.png"/>
  <mask camera_id="46" path="c46.png"/>
  <mask camera_id="47" path="c47.png"/>
  <mask camera_id="48" path="c48.png"/>
  <mask camera_id="49" path="c49.png"/>
  <mask camera_id="50" path="c50.png"/>
  <mask camera_id="51" path="c51.png"/>
  <mask camera_id="52" path="c52.png"/>
  <mask camera_id="53" path="c53.png"/>
  <mask camera_id="54" path="c54.png"/>
  <mask camera_id="55" path="c55.png"/>
  <mask camera_id="56" path="c56.png"/>
  <mask camera_id="57" path="c57.png"/>
  <mask camera_id="58" path="c58.png"/>
  <mask camera_id="59" path="c59.png"/>
  <mask camera_id="60" path="c60.png"/>
  <mask camera_id="61" path="c61.png"/>
  <mask camera_id="62" path="c62.png"/>
  <mask camera_id="63" path="c63.png"/>
  <mask camera_id="64" path="c64.png"/>
  <mask camera_id="65" path="c65.png"/>
  <mask camera_id="66" path="c66.png"/>
  <mask camera_id="67" path="c67.png"/>
  <mask camera_id="68" path="c68.png"/>
  <mask camera_id="69" path="c69.png"/>
  <mask camera_id="70" path="c70.png"/>
  <mask camera_id="71" path="c71.png"/>
  <mask camera_id="72" path="c72.png"/>
  <mask camera_id="73" path="c73.png"/>
  <mask camera_id="74" path="c74.png"/>
  <mask camera_id="75" path="c75.png"/>
  <mask camera_id="76" path="c76.png"/>
  <mask camera_id="77" path="c77.png"/>
  <mask camera_id="78" path="c78.png"/>
  <mask camera_id="79" path="c79.png"/>
  <mask camera_id="80" path="c80.png"/>
  <mask camera_id="81" path="c81.png"/>
  <mask camera_id="82" path="c82.png"/>
  <mask camera_id="83" path="c83.png"/>
  <mask camera_id="84" path="c84.png"/>
  <mask camera_id="85" path="c85.png"/>
  <mask camera_id="86" path="c86.png"/>
  <mask camera_id="87" path="c87.png"/>
  <mask camera_id="88" path="c88.png"/>
  <mask camera_id="89" path="c89.png"/>
  <mask camera_id="90" path="c90.png"/>
  <mask camera_id="91" path="c91.png"/>
  <mask camera_id="92" path="c92.png"/>
  <mask camera_id="93" path="c93.png"/>
  <mask camera_id="94" path="c94.png"/>
  <mask camera_id="95" path="c95.png"/>
  <mask camera_id="96" path="c96.png"/>
  <mask camera_id="97" path="c97.png"/>
  <mask camera_id="98" path="c98.png"/>
  <mask camera_id="99" path="c99.png"/>
  <mask camera_id="100" path="c100.png"/>
  <mask camera_id="101" path="c101.png"/>
  <mask camera_id="104" path="c104.png"/>
  <mask camera_id="105" path="c105.png"/>
  <mask camera_id="106" path="c106.png"/>
  <mask camera_id="107" path="c107.png"/>
  <mask camera_id="108" path="c108.png"/>
  <mask camera_id="109" path="c109.png"/>
  <mask camera_id="111" path="c111.png"/>
  <mask camera_id="112" path="c112.png"/>
  <mask camera_id="113" path="c113.png"/>
  <mask camera_id="114" path="c114.png"/>
  <mask camera_id="115" path="c115.png"/>
  <mask camera_id="116" path="c116.png"/>
  <mask camera_id="117" path="c117.png"/>
  <mask camera_id="118" path="c118.png"/>
  <mask camera_id="119" path="c119.png"/>
  <mask camera_id="120" path="c120.png"/>
  <mask camera_id="121" path="c121.png"/>
  <mask camera_id="122" path="c122.png"/>
  <mask camera_id="123" path="c123.png"/>
  <mask camera_id="128" path="c128.png"/>
  <mask camera_id="129" path="c129.png"/>
  <mask camera_id="130" path="c130.png"/>
  <mask camera_id="131" path="c131.png"/>
  <mask camera_id="132" path="c132.png"/>
  <mask camera_id="133" path="c133.png"/>
  <mask camera_id="134" path="c134.png"/>
  <mask camera_id="135" path="c135.png"/>
</masks>
